"вид продукции:Вентилятор;тип:промышленный; модель:VEN-COOL; напряжение:220V"
"вид продукции:Молоток; тип:слесарный; вес:500 г;"
" вид продукции:Кабель;тип:силовой; марка:ВВГнг-LS;"
" вид продукции:Сварочный инвертор;модель:TELWI; сечение:3х2.5; серия:MIG 200;"
" вид продукции:Скоба;тип:навесная; покрытие:оцинкованная; размер:40х60 мм;"
" вид продукции:Провод;марка:ПВС; количество жил:2х1.5;"
" вид продукции:Шланг;материал:резина; назначение:для воды; диаметр:1 дюйм;"
" вид продукции:Блок управления;устройство:насосом; модель:АКВА-КОНТРОЛЬ;"
" вид продукции:Счетчик электроэнергии;тип:однофазный; модель:MERKURY 201;"
" вид продукции:Лопата;тип:совковая; длина:120 см;"
" вид продукции:Гайка;форма:шестигранная; резьба:М8;"
" вид продукции:Болт;тип:анкерный; резьба:М10;"
" вид продукции:Перчатки; тип:рабочие; материал:х/б; покрытие:ПВХ;"
" вид продукции:Очки;тип:защитные; свойства:закаленные;"
" вид продукции:Респиратор;уровень защиты:FFP2;"
" вид продукции:Фонарик;тип:светодиодный; способ использования:переносной; режимы:3;"
" вид продукции:Удлинитель;тип:на катушке; длина:20 м;"
" вид продукции:Насос;тип:центробежный; классификация:бытовой; модель:GRUNDFOS UPS 25-40;"
" вид продукции:Ноутбук;Бренд:Lenovo; модель:ThinkPad X1 Carbon Gen 10;"
" вид продукции:Принтер;тип:лазерный; бренд:HP; модель:LaserJet Pro MFP M28w;"
" вид продукции: Телевизор;тип:OLED; бренд:LG; диагональ:55 дюймов;"
" вид продукции:Холодильник;бренд:Samsung; объем:380 л;"
" вид продукции:Микроволновая печь;бренд:Panasonic; модель:NN-GT557M;"
"вид продукции:Стиральная машина; бренд:Bosch; модель:WAN24270OE;"
" вид продукции:Пылесос;бренд:Dyson; модель:V15 Detect;"
" вид продукции:Чайник;тип:электрический; бренд:Philips; модель:HD9306;"
" вид продукции:Утюг;бренд:Tefal; функция:Autosteam;"
" вид продукции:Кофеварка;бренд:DeLonghi; модель:ECAM22.110.BW;"
" вид продукции:Мясорубка;тип:электрическая; бренд:Scarlett; модель:SC-416;"
" вид продукции:Блендер;бренд:Kitfort; модель:KT-1302;"
" вид продукции:Тостер;бренд:Redmond; модель:RT-M903;"
" вид продукции:Электрочайник;бренд:Polaris; мощность:1200 Вт;"
" вид продукции:Увлажнитель воздуха;бренд:Boneco; модель:S200;"
" вид продукции:Обогреватель;тип:масляный; мощность:11 кВт; бренд:REDMOND;"
" вид продукции:Кондиционер;бренд:Ballu; модель:BSAR-09HN;"
" вид продукции:Вентилятор;тип:напольный; бренд:Polaris; модель:PAF 4065Di;"
" вид продукции:Утюг;тип:паровой; бренд:Braun; модель:SI 3045;"
" вид продукции:Кухонный комбайн;бренд:Kenwood; модель:Chef Titanium KVC5100S;"
" вид продукции:Посудомоечная машина;бренд:Electrolux"
" вид продукции:Планшет; бренд:Apple; модель:iPad Air 10.9; год:2022;"
" вид продукции:Смартфон;бренд:Xiaomi; модель:Redmi Note 12 Turbo;"
" вид продукции:Смарт-часы;бренд:Huawei; модель:Watch Fit New Edition;"
" вид продукции:Наушники;бренд:Sony; модель:WH-1000XM5;"
" вид продукции:Фитнес-браслет;бренд:Xiaomi; модель:Mi Band 7;"
" вид продукции:ИБП;бренд:APC; модель:Smart-UPS SMT1000I;"
" вид продукции:SSD диск;бренд:Kingston; модель:A2000; объем:1TB; интерфейс:NVMe M.2;"
" вид продукции:Жесткий диск;бренд:Seagate; модель:Expansion Portable; объем:2TB;"
" вид продукции:Клавиатура;тип:проводная; бренд:Logitech; модель:K120;"
" вид продукции:Мышь;тип:беспроводная; бренд:Razer; модель:Basilisk X Hyperspeed;"
